[
  {
    "condition": "minecraft:any_of",
    "terms": [
      {
        "condition": "minecraft:location_check",
        "offsetZ": 1,
        "predicate": {
          "block": {
            "blocks": "#astar:penalty/danger"
          }
        }
      },
      {
        "condition": "minecraft:location_check",
        "offsetZ": -1,
        "predicate": {
          "block": {
            "blocks": "#astar:penalty/danger"
          }
        }
      },
      {
        "condition": "minecraft:location_check",
        "offsetX": 1,
        "predicate": {
          "block": {
            "blocks": "#astar:penalty/danger"
          }
        }
      },
      {
        "condition": "minecraft:location_check",
        "offsetX": -1,
        "predicate": {
          "block": {
            "blocks": "#astar:penalty/danger"
          }
        }
      },
      {
        "condition": "minecraft:location_check",
        "offsetY": -1,
        "offsetZ": 1,
        "predicate": {
          "block": {
            "blocks": "#astar:penalty/danger"
          }
        }
      },
      {
        "condition": "minecraft:location_check",
        "offsetY": -1,
        "offsetZ": -1,
        "predicate": {
          "block": {
            "blocks": "#astar:penalty/danger"
          }
        }
      },
      {
        "condition": "minecraft:location_check",
        "offsetX": 1,
        "offsetY": -1,
        "predicate": {
          "block": {
            "blocks": "#astar:penalty/danger"
          }
        }
      },
      {
        "condition": "minecraft:location_check",
        "offsetX": -1,
        "offsetY": -1,
        "predicate": {
          "block": {
            "blocks": "#astar:penalty/danger"
          }
        }
      }
    ]
  }
]