{
  "condition": "minecraft:value_check",
  "value": {
    "type": "minecraft:score",
    "target": {
      "type": "minecraft:context",
      "target": "this"
    },
    "score": "ai.ID"
  },
  "range": {
    "min": {
      "type": "minecraft:score",
      "target": {
        "type": "minecraft:fixed",
        "name": "#ID"
      },
      "score": "ai.ID"
    },
    "max": {
      "type": "minecraft:score",
      "target": {
        "type": "minecraft:fixed",
        "name": "#ID"
      },
      "score": "ai.ID"
    }
  }
}